Helix,Sequence.F,Sequence.R,Condition,Method,H,SE.H,S,SE.S,G,SE.G,K_error,R,Kd.opt,dG.known
A,CGAAAGGU,ACCUUUCG,1 M NaCl,1 VH plot,-59.9382729776529,0.625571892096009,-152.500301877954,1.93694445282918,-12.6403043502053,0.0252148242485352,0.256347280398267,1.66214887456325,4.22085866025879,-13.29
A,CGAAAGGU,ACCUUUCG,1 M NaCl,2 Global fit,-60.0794690833515,4.78204109014306,-152.931324869735,14.7963621699614,-12.6478186750031,0.195551306182465,0.256347280398267,1.66214887456325,4.22085866025879,-13.29
B,CGAACUCU,AGAGUUCG,1 M NaCl,1 VH plot,-68.631442579371,0.436362738268311,-180.793515508651,1.35605254866265,-12.5583337443629,0.0160475747106761,0.481179270913521,0.616504685489162,0.622811357806127,-13.29
B,CGAACUCU,AGAGUUCG,1 M NaCl,2 Global fit,-68.8179241001688,10.0748010452999,-181.368754375952,31.2814638183677,-12.5664049304672,0.378165955371012,0.481179270913521,0.616504685489162,0.622811357806127,-13.29
C,CUGAGUC,GACUCAG,1 M NaCl,1 VH plot,-63.2956805415901,0.413650999963905,-162.424500228308,1.28170754401853,-12.9197217957802,0.0163602676944591,0.383769110523617,1.31023221314003,0.348280123990215,-12.54
C,CUGAGUC,GACUCAG,1 M NaCl,2 Global fit,-63.4129399426675,8.01758515961996,-162.783962196139,24.8201403366492,-12.9254940675351,0.323554098821032,0.383769110523617,1.31023221314003,0.348280123990215,-12.54
D,CGUUGC,GCAACG,1 M NaCl,1 VH plot,-52.9303048468975,0.249571526918936,-136.354672792262,0.792441466044067,-10.6399030803773,0.00404291425303293,0.541129395342553,1.62433642271879,0.01,-10.84
D,CGUUGC,GCAACG,1 M NaCl,2 Global fit,-52.8561232487526,12.6007457578402,-136.118493968383,40.0351724633646,-10.6389723444586,0.195907720133699,0.541129395342553,1.62433642271879,0.01,-10.84
E,CGACGC,GCGUCG,1 M NaCl,1 VH plot,-36.2077370545666,0.401917019701156,-80.295859186449,1.26302329960911,-11.3039763278895,0.0109150268102719,0.309538870188489,2.23269219890504,22.3636950780121,-12.34
E,CGACGC,GCGUCG,1 M NaCl,2 Global fit,-36.338324077018,3.47484508272827,-80.7008183159768,10.9080820997433,-11.3089652763178,0.0971693115664133,0.309538870188489,2.23269219890504,22.3636950780121,-12.34
f,CGCAUCCU,AGGAUGCG,1 M NaCl,1 VH plot,-50.8825397743938,0.10613136941286,-119.340145727188,0.320173050833561,-13.8691935771066,0.00686727989093121,0.464214913340559,0.958590649889817,0.43397978241233,-15.89
f,CGCAUCCU,AGGAUGCG,1 M NaCl,2 Global fit,-50.9042397815365,9.83976153371648,-119.406180615821,29.6698161785048,-13.8704128635396,0.640829063312531,0.464214913340559,0.958590649889817,0.43397978241233,-15.89
G,CCAUAUCA,UGAUAUGG,1 M NaCl,1 VH plot,-30.3663840378333,0.849767247540265,-57.730862324079,2.66035425239125,-12.4611570880202,0.0254833327280434,0.74714026472658,0.866167315503668,0.78130534225042,-12.49
G,CCAUAUCA,UGAUAUGG,1 M NaCl,2 Global fit,-30.5406949943729,14.2305200458019,-58.2718766812764,44.5333803153888,-12.4676724416751,0.431369721025712,0.74714026472658,0.866167315503668,0.78130534225042,-12.49
H,CCAUAUUA,UAAUAUGG,1 M NaCl,1 VH plot,-23.5206081129893,0.395663580092763,-38.366556866091,1.28036015325888,-11.6212205009712,0.0028384387251758,0.551249577310611,0.986437993407546,2.18904406160208,-10.49
H,CCAUAUUA,UAAUAUGG,1 M NaCl,2 Global fit,-23.587856106573,14.2626466315283,-38.5830917431514,46.1400541274913,-11.6213102024346,0.0990833592149142,0.551249577310611,0.986437993407546,2.18904406160208,-10.49
I,CGGAUGGC,GCCAUCCG,1 M NaCl,1 VH plot,-62.4688321811447,1.26470189545892,-151.763018809553,3.74842421756097,-15.3995318973618,0.102428314167217,0.435108744899302,1.2924382392968,4.62570276602094,-17.54
I,CGGAUGGC,GCCAUCCG,1 M NaCl,2 Global fit,-62.6621294532658,9.86485788381809,-152.32689532922,29.2243507788063,-15.4179428669082,0.803031109138936,0.435108744899302,1.2924382392968,4.62570276602094,-17.54
J,CGUAUGUA,UACAUACG,1 M NaCl,1 VH plot,-68.2201152951477,0.665177353019174,-182.421361561112,2.0963728718096,-11.6421300069689,0.015573822802678,0.54735521328205,0.771071685441492,0,-11.99
J,CGUAUGUA,UACAUACG,1 M NaCl,2 Global fit,-68.4106273364141,11.8094742884138,-183.016051075429,37.1945748304033,-11.6481990953698,0.28268619259869,0.54735521328205,0.771071685441492,0,-11.99
L,UUCACUC,GAGUGAA,1 M NaCl,1 VH plot,-58.0410892421068,0.869535411317489,-151.507549244236,2.74872260849617,-11.051022844007,0.0184210802983429,0.465651793653832,0.799613952977393,4.89540924983442,-10.41
L,UUCACUC,GAGUGAA,1 M NaCl,2 Global fit,-57.4576456063421,5.33898752852921,-149.648288457892,16.8934287861732,-11.0442289411269,0.107292044518822,0.465651793653832,0.799613952977393,4.89540924983442,-10.41
M,UCCACG,CGUGGA,1 M NaCl,1 VH plot,-46.8579915738175,0.145432008024238,-112.531272027957,0.45534670331355,-11.9564175543467,0.00449714787426106,0.321924846904531,1.11289986610335,1.43337678451528,-11.01
M,UCCACG,CGUGGA,1 M NaCl,2 Global fit,-46.9719281741555,3.05423630887141,-112.887812238614,9.55012766201599,-11.9597732083494,0.0972693804557407,0.321924846904531,1.11289986610335,1.43337678451528,-11.01
N,UCAGGUA,UACCUGA,1 M NaCl,1 VH plot,-53.9422017270761,0.962009143181023,-135.305909672229,2.99179023318742,-11.9770738422342,0.0347780488789356,0.419538447087276,1.01390174817056,8.96425141703481,-11.56
N,UCAGGUA,UACCUGA,1 M NaCl,2 Global fit,-53.6933334098746,7.22309551998001,-134.523215700231,22.4696381048283,-11.9709580604481,0.258787227802055,0.419538447087276,1.01390174817056,8.96425141703481,-11.56
O,UCAGCUA,UAGCUGA,1 M NaCl,1 VH plot,-60.0932280669175,0.200234087849856,-154.530721366804,0.6254749323182,-12.1655248350034,0.00640383465261086,0.920232868682951,0.817664238865223,0.689838923708903,-11.56
O,UCAGCUA,UAGCUGA,1 M NaCl,2 Global fit,-60.0681239619094,17.3068698907244,-154.451161660942,54.0674773407281,-12.1650961727682,0.550382142136525,0.920232868682951,0.817664238865223,0.689838923708903,-11.56
P,UCGGCUA,UAGCCGA,1 M NaCl,1 VH plot,-55.0136261277785,0.289189789612468,-133.862941126247,0.883119884416063,-13.4960349374731,0.0154044854973986,0.327964082812296,1.06534072633566,3.39486331702407,-13.06
P,UCGGCUA,UAGCCGA,1 M NaCl,2 Global fit,-55.1049724010448,7.57150540017458,-134.140604390173,23.1027388800387,-13.5012639494327,0.408923039825315,0.327964082812296,1.06534072633566,3.39486331702407,-13.06
U,CCAUCG,CGAUGG,1 M NaCl,1 VH plot,-28.5370237129445,0.333233832449914,-57.072318101329,1.0645167396522,-10.8360442538173,0.00393359794128152,0.396239703827414,0.814195986499454,7.62081794222169,-10.84
U,CCAUCG,CGAUGG,1 M NaCl,2 Global fit,-28.4854492468745,6.73424054805037,-56.9061127677646,21.5172195565411,-10.8360183719523,0.0776812354350186,0.396239703827414,0.814195986499454,7.62081794222169,-10.84
V,CAGCCG,CGGCUG,1 M NaCl,1 VH plot,-52.5514552784467,0.172737207899431,-128.987456797737,0.534864388873095,-12.5459955526286,0.00701149075645608,0.270023916577514,0.90684290296712,0.0367146807939918,-13.14
V,CAGCCG,CGGCUG,1 M NaCl,2 Global fit,-52.6367286897901,3.88456624257845,-129.249029916181,12.0130616957901,-12.5501420612867,0.161888573785332,0.270023916577514,0.90684290296712,0.0367146807939918,-13.14
X,CAGCAUAG,CUAUGCUG,1 M NaCl,1 VH plot,-66.7257869332255,0.571069060171948,-171.475886980756,1.75404689233015,-13.542540586144,0.027307562840747,0.324387124287319,0.981126936915673,0.504096957378218,-14.04
X,CAGCAUAG,CUAUGCUG,1 M NaCl,2 Global fit,-66.9184857419559,7.14982053012788,-172.062604433312,21.9461443404789,-13.5532689769642,0.346074491530087,0.324387124287319,0.981126936915673,0.504096957378218,-14.04
Y,CGGUUUUA,UAAAACCG,1 M NaCl,1 VH plot,-40.9908568792636,0.357563039381722,-97.8083121607908,1.14489467163703,-10.6556088625943,0.00422310255787337,0.530710699622234,0.771320653025008,4.14411616050893,-11.29
Y,CGGUUUUA,UAAAACCG,1 M NaCl,2 Global fit,-41.3585256728679,6.72158429591962,-98.9798248820496,21.4749165798727,-10.6599329857003,0.0858660977134836,0.530710699622234,0.771320653025008,4.14411616050893,-11.29
Z,UAGCGGC,GCCGCUA,1 M NaCl,1 VH plot,-69.7158139207952,0.7687343143676,-177.734417724162,2.324083807526,-14.5914842636462,0.048236703255599,0.488068197517495,0.823569340853919,0.254990103123142,-14.81
Z,UAGCGGC,GCCGCUA,1 M NaCl,2 Global fit,-69.9995103515385,8.69824058608909,-178.582441249664,26.2751886224683,-14.6121661979552,0.552103740251762,0.488068197517495,0.823569340853919,0.254990103123142,-14.81
AA,UAUGGC,GCCAUA,1 M NaCl,1 VH plot,-49.7599728365896,0.616478796894623,-127.249306107995,1.96930987302295,-10.2936005471949,0.00696376012093562,0.449315664851502,0.910101916241029,8.42636368257804,-10.11
AA,UAUGGC,GCCAUA,1 M NaCl,2 Global fit,-49.4942661927082,8.46311981790627,-126.396701031273,27.0523848382071,-10.2923293678587,0.0900933324180603,0.449315664851502,0.910101916241029,8.42636368257804,-10.11
CC,CGCAAGC,GCUUGCG,1 M NaCl,1 VH plot,-52.4829464790254,0.232256810898483,-127.832283142203,0.712358263386817,-12.8357638624711,0.0114465166712472,0.588387246861507,0.681851547983874,2.30425843686107,-14.14
CC,CGCAAGC,GCUUGCG,1 M NaCl,2 Global fit,-52.5795451048327,10.7036953258157,-128.126486754952,32.806575392048,-12.8411152377843,0.53396335992685,0.588387246861507,0.681851547983874,2.30425843686107,-14.14
DD,UAUGCAU,AUGCAUA,1 M NaCl,1 VH plot,-53.6943214037329,0.269644193772729,-139.591774404366,0.867268164839779,-10.3999325722189,0.00200031909506726,0.343724225963656,0.933021015444913,2.10189106333749,-9.56
DD,UAUGCAU,AUGCAUA,1 M NaCl,2 Global fit,-53.717403217213,6.79008694464879,-139.664124592316,21.8308530410719,-10.4005749749061,0.0496041343258694,0.343724225963656,0.933021015444913,2.10189106333749,-9.56
EE,CGCAAACG,CGUUUGCG,1 M NaCl,1 VH plot,-53.6160659257512,0.450432973389436,-131.365625862088,1.38856266712597,-12.8730170646244,0.0200188787606542,0.418126774237502,0.934621134085751,1.75310842587477,-14.14
EE,CGCAAACG,CGUUUGCG,1 M NaCl,2 Global fit,-53.8290822067321,8.26253008666451,-132.01930488152,25.4443540731496,-12.8832947977287,0.375021185221225,0.418126774237502,0.934621134085751,1.75310842587477,-14.14
FF,CGGUGU,ACACCG,1 M NaCl,1 VH plot,-41.8653602703428,0.104273845498731,-101.139669260227,0.33436969098549,-10.4968918492835,0.000996398681685726,0.710756090063206,0.649395251570035,0.612390455585815,-11.59
FF,CGGUGU,ACACCG,1 M NaCl,2 Global fit,-41.870630434619,12.4543826050806,-101.156202262247,39.8827367092749,-10.4970343029831,0.126172182351114,0.710756090063206,0.649395251570035,0.612390455585815,-11.59
A,CGAAAGGU,ACCUUUCG,Eco80,1 VH plot,-56.4927019426681,0.636072580669516,-144.744847557303,1.99876394462169,-11.6000874727706,0.0169447142160132,0.381808453000688,1.02605404404224,4.49152660630458,-13.29
A,CGAAAGGU,ACCUUUCG,Eco80,2 Global fit,-56.6702551773223,5.38009336150405,-145.293659170938,16.8937955842246,-11.6074267854558,0.146213020612628,0.381808453000688,1.02605404404224,4.49152660630458,-13.29
B,CGAACUCU,AGAGUUCG,Eco80,1 VH plot,-58.2298531602822,0.998085948330637,-150.951653731531,3.15270310477683,-11.4121977554477,0.0216721426686632,0.21599725124153,1.40398680442295,5.28813388610759,-13.29
B,CGAACUCU,AGAGUUCG,Eco80,2 Global fit,-58.674866722839,3.39374096693432,-152.344922873197,10.7078528455773,-11.4250888937171,0.0766905507015903,0.21599725124153,1.40398680442295,5.28813388610759,-13.29
C,CUGAGUC,GACUCAG,Eco80,1 VH plot,-59.3170831159179,1.42082531821377,-154.63399128928,4.48812404919661,-11.3573507175479,0.0312744042844643,0.324758856487958,0.978620140772837,3.99400542254529,-12.54
C,CUGAGUC,GACUCAG,Eco80,2 Global fit,-59.6831878757336,4.33612109917277,-155.765949601879,13.6865131683617,-11.3723786067107,0.0975111850199255,0.324758856487958,0.978620140772837,3.99400542254529,-12.54
D,CGUUGC,GCAACG,Eco80,1 VH plot,-25.8394186674085,0.380014942492912,-51.4661154999934,1.23445427938186,-9.87720294508558,0.00381381509023481,0.247669728190328,3.00408186979502,103.339009870831,-10.84
D,CGUUGC,GCAACG,Eco80,2 Global fit,-25.7586850895793,4.41240155860217,-51.2027642824178,14.3375564255464,-9.87814774738741,0.0448811336320673,0.247669728190328,3.00408186979502,103.339009870831,-10.84
E,CGACGC,GCGUCG,Eco80,1 VH plot,-27.8357943888054,0.458476608559613,-55.7333576229121,1.45252276057453,-10.5500935220592,0.00857202744829198,0.307472291624186,2.0858402668133,101.782493652911,-12.34
E,CGACGC,GCGUCG,Eco80,2 Global fit,-27.7396093429988,5.08557422195047,-55.4271126065197,16.1195440256103,-10.5488903680867,0.0925830169077456,0.307472291624186,2.0858402668133,101.782493652911,-12.34
f,CGCAUCCU,AGGAUGCG,Eco80,1 VH plot,-39.8677624098761,0.844485587020579,-88.3249827624695,2.59767034420014,-12.4737690060961,0.039314036899423,0.374954378990241,1.46998731623693,13.6089629683626,-15.89
f,CGCAUCCU,AGGAUGCG,Eco80,2 Global fit,-40.1481604406696,6.58410011724044,-89.1812793628746,20.2331368292593,-12.488586646274,0.312280215052898,0.374954378990241,1.46998731623693,13.6089629683626,-15.89
G,CCAUAUCA,UGAUAUGG,Eco80,1 VH plot,-43.5875875066762,0.887757246582879,-104.988945977192,2.7957153961584,-11.0252659118501,0.0211525470853942,0.43569337281381,0.897870557359197,10.7038669733641,-12.49
G,CCAUAUCA,UGAUAUGG,Eco80,2 Global fit,-43.1240227169454,11.3133583963836,-103.525496668974,35.6582227347728,-11.0155899250631,0.259969926040059,0.43569337281381,0.897870557359197,10.7038669733641,-12.49
H,CCAUAUUA,UAAUAUGG,Eco80,1 VH plot,-38.5580725797562,0.406135192945067,-91.6135492365951,1.31225365056284,-10.1441302840262,0.00298886759901673,3.01705617428509,1.01322323162402,12.0839900541907,-10.49
H,CCAUAUUA,UAAUAUGG,Eco80,2 Global fit,-38.3181541359019,7.75086791004703,-90.8358260075304,25.0673110513649,-10.1454226996663,0.0574430446911618,3.01705617428509,1.01322323162402,12.0839900541907,-10.49
I,CGGAUGGC,GCCAUCCG,Eco80,1 VH plot,-70.6338270235842,1.24694111742766,-179.229129839077,3.74045440364616,-15.0459124039945,0.087340500384258,0.586619033716188,1.04929651400269,6.2364619418299,-17.54
I,CGGAUGGC,GCCAUCCG,Eco80,2 Global fit,-70.3452206937878,8.51162464973281,-178.343500608295,25.5227573744026,-15.031983980125,0.598636533731804,0.586619033716188,1.04929651400269,6.2364619418299,-17.54
J,CGUAUGUA,UACAUACG,Eco80,1 VH plot,-60.6075433310615,0.835802779052713,-161.789482547426,2.67601619352401,-10.4285353189773,0.00823755128851587,0.331792415833481,0.96936590727017,7.0294868656956,-11.99
J,CGUAUGUA,UACAUACG,Eco80,2 Global fit,-60.6111029965263,5.57185992990806,-161.79303474437,17.8373498250101,-10.43099327056,0.0540140475019804,0.331792415833481,0.96936590727017,7.0294868656956,-11.99
L,UUCACUC,GAGUGAA,Eco80,1 VH plot,-50.0149297034711,0.398326513060413,-128.30302589875,1.28605643841505,-10.2217462209738,0.00303019597818427,0.376798998307527,0.79147003153974,3.78696746844526,-10.41
L,UUCACUC,GAGUGAA,Eco80,2 Global fit,-50.1484678682412,6.76948449364469,-128.731469400887,21.842315773202,-10.222402633556,0.0486609767902921,0.376798998307527,0.79147003153974,3.78696746844526,-10.41
M,UCCACG,CGUGGA,Eco80,1 VH plot,-51.6150485405048,0.273722587859333,-129.864098762591,0.865975578436981,-11.3376983092872,0.00585694211254563,0.356819802050174,1.25363682265237,0,-11.01
M,UCCACG,CGUGGA,Eco80,2 Global fit,-51.6847842142882,3.89546170875127,-130.076724011945,12.3157351678254,-11.3414882619834,0.0841335922049652,0.356819802050174,1.25363682265237,0,-11.01
N,UCAGGUA,UACCUGA,Eco80,1 VH plot,-62.168085823462,0.831193333429304,-164.275644677843,2.6353448154309,-11.217994626629,0.0151070734277078,0.16438326911137,1.26738184976313,3.38781114876369,-11.56
N,UCAGGUA,UACCUGA,Eco80,2 Global fit,-62.3162510656261,2.62368770655386,-164.736589735035,8.31422290706594,-11.223197759305,0.0485136585955803,0.16438326911137,1.26738184976313,3.38781114876369,-11.56
O,UCAGCUA,UAGCUGA,Eco80,1 VH plot,-60.890062800785,0.656462556446027,-160.404010835194,2.08447913129344,-11.1407588402496,0.0110543549829181,0.201195186862329,0.988159794687831,1.82753012344361,-11.56
O,UCAGCUA,UAGCUGA,Eco80,2 Global fit,-61.0674735941241,3.67015645682701,-160.960496261847,11.6468183712596,-11.1455756785123,0.0632143132787048,0.201195186862329,0.988159794687831,1.82753012344361,-11.56
P,UCGGCUA,UAGCCGA,Eco80,1 VH plot,-73.5741256659235,1.09921367530814,-195.12743316292,3.40860039640499,-13.0553522704438,0.0431118241164043,0.291845450197596,1.052782503058,2.76106392974187,-13.06
P,UCGGCUA,UAGCCGA,Eco80,2 Global fit,-74.2497977152223,3.69092475517302,-197.195167721309,11.4300322586879,-13.0897164464584,0.148742360005274,0.291845450197596,1.052782503058,2.76106392974187,-13.06
U,CCAUCG,CGAUGG,Eco80,1 VH plot,-45.1496839200382,1.19754120721428,-112.585171524789,3.82841074304965,-10.231392971625,0.0131240876402415,0.500117777904874,0.750516883527433,11.5386918563934,-10.84
U,CCAUCG,CGAUGG,Eco80,2 Global fit,-43.9130128589328,7.1665910996235,-108.618570476962,22.9514478787615,-10.2249632255029,0.0671558670536382,0.500117777904874,0.750516883527433,11.5386918563934,-10.84
V,CAGCCG,CGGCUG,Eco80,1 VH plot,-59.4749730623194,0.21307743199043,-153.182293131867,0.66762851651405,-11.9654848474709,0.00641754645285402,0.350134706885448,0.85760676431886,0.238244253473796,-13.14
V,CAGCCG,CGGCUG,Eco80,2 Global fit,-59.6085629209148,3.08280969520794,-153.594516059959,9.64825824523746,-11.9712237649185,0.0950493910042073,0.350134706885448,0.85760676431886,0.238244253473796,-13.14
X,CAGCAUAG,CUAUGCUG,Eco80,1 VH plot,-68.6936914751746,1.17989392510596,-181.642380348545,3.69404422146871,-12.3573072100733,0.0358874403152291,0.266378702406378,0.946477950386229,0.178300738937332,-14.04
X,CAGCAUAG,CUAUGCUG,Eco80,2 Global fit,-69.6734906790885,3.21981965574645,-184.675520086064,10.0612325024036,-12.3963781243958,0.102831734152269,0.266378702406378,0.946477950386229,0.178300738937332,-14.04
Y,CGGUUUUA,UAAAACCG,Eco80,1 VH plot,-65.0167430842678,0.261052810632566,-177.525816604076,0.84610501824309,-9.95711106451361,0.00268681602188962,0.495927024100862,0.721502639060416,0.14823918204971,-11.29
Y,CGGUUUUA,UAAAACCG,Eco80,2 Global fit,-65.3137848993849,5.46110223592109,-178.482356306615,17.6451981663114,-9.95748209088833,0.0444000171252641,0.495927024100862,0.721502639060416,0.14823918204971,-11.29
Z,UAGCGGC,GCCGCUA,Eco80,1 VH plot,-77.627781510727,1.1590212498199,-205.376026710521,3.56008344491663,-13.9304068264591,0.0556735355447149,0.414705077877241,0.803154134131306,0.626449200568333,-14.81
Z,UAGCGGC,GCCGCUA,Eco80,2 Global fit,-78.7080450914274,5.29972443083519,-208.666384198432,16.2507539639934,-13.9901660322837,0.26246188794059,0.414705077877241,0.803154134131306,0.626449200568333,-14.81
AA,UAUGGC,GCCAUA,Eco80,1 VH plot,-50.1155328119146,1.0033261626784,-130.663290149609,3.26692221155063,-9.59031337201335,0.0133519936231547,0.231227238190047,1.12092883275598,12.864126309804,-10.11
AA,UAUGGC,GCCAUA,Eco80,2 Global fit,-50.2612285778655,2.83417988756163,-131.12437439951,9.22271788155962,-9.59300385785763,0.0355076853950555,0.231227238190047,1.12092883275598,12.864126309804,-10.11
CC,CGCAAGC,GCUUGCG,Eco80,1 VH plot,-48.3967519045851,1.12880570186444,-118.697536901498,3.52629856947148,-11.5827108345855,0.0367724257296544,0.559394274538696,0.716074753520339,7.64711583820998,-14.14
CC,CGCAAGC,GCUUGCG,Eco80,2 Global fit,-48.7424305906978,5.96328409695299,-119.75255955078,18.6119429990837,-11.6011742460235,0.19807351909762,0.559394274538696,0.716074753520339,7.64711583820998,-14.14
DD,UAUGCAU,AUGCAUA,Eco80,1 VH plot,-58.001278490687,0.579502984669069,-157.682800971828,1.89856538543352,-9.09595776927443,0.0104507462088453,0.23989981208351,0.887463027815557,7.08539387689835,-9.56
DD,UAUGCAU,AUGCAUA,Eco80,2 Global fit,-57.9787493277784,3.33138671331042,-157.602454020554,10.9134428619727,-9.09834821330369,0.0591357642632495,0.23989981208351,0.887463027815557,7.08539387689835,-9.56
EE,CGCAAACG,CGUUUGCG,Eco80,1 VH plot,-62.2109142333222,0.830572625245992,-161.804577148264,2.59258535600833,-12.0272246307882,0.0272119130461759,0.338460560465713,0.881085360336964,2.20205590473439,-14.14
EE,CGCAAACG,CGUUUGCG,Eco80,2 Global fit,-62.2447742759466,4.89605997918876,-161.899039493257,15.2782321836374,-12.0317871771131,0.161252111285062,0.338460560465713,0.881085360336964,2.20205590473439,-14.14
FF,CGGUGU,ACACCG,Eco80,1 VH plot,-46.3529614018215,0.58805858404618,-119.082770609483,1.92073948089827,-9.41944009729039,0.00960647083880016,0.255776913358245,0.686403621277659,7.4486830250645,-11.59
FF,CGGUGU,ACACCG,Eco80,2 Global fit,-46.8769978292777,2.8739685105157,-120.78242747299,9.36852870036266,-9.41632794852983,0.0412210715205736,0.255776913358245,0.686403621277659,7.4486830250645,-11.59
